{
  "cnn": {
    "acc": 0.949089469517023,
    "latency_ms": 0.5434280002373271,
    "throughput": 1015.9652953303635,
    "size_mb": 2.4022865295410156,
    "params": 629291,
    "robustness": {
      "gaussian_noise": 0.898258115597783,
      "blur": 0.9344418052256532,
      "brightness": 0.5635787806809185
    }
  },
  "resnet18": {
    "acc": 0.846159936658749,
    "latency_ms": 3.0602129999897443,
    "throughput": 833.6409323171497,
    "size_mb": 42.75593185424805,
    "params": 11198571,
    "robustness": {
      "gaussian_noise": 0.7991290577988915,
      "blur": 0.8036421219319082,
      "brightness": 0.45407759303246237
    }
  },
  "cnn_pruned": {
    "acc": 0.8677751385589866,
    "latency_ms": 0.5627414997434244,
    "throughput": 960.5435407922216,
    "size_mb": 2.4022865295410156,
    "params": 629291,
    "robustness": {
      "gaussian_noise": 0.8061757719714965,
      "blur": 0.8321456848772764,
      "brightness": 0.5245447347585115
    }
  },
  "cnn_distilled": {
    "acc": 0.9474267616785431,
    "latency_ms": 0.5099129999871366,
    "throughput": 963.3298317092645,
    "size_mb": 2.4022865295410156,
    "params": 629291,
    "robustness": {
      "gaussian_noise": 0.9,
      "blur": 0.9309580364212193,
      "brightness": 0.5623911322248615
    }
  }
}